Name,RA,Dec,Obs num, Mag, Importance, last obs [days],Cadence [days],Observing Priority
Gaia19dke,291.49451,28.40686,38510,14.94,15,16.4,1,246.7
Gaia20cek,343.03385,60.66898,1132,12.36,10,23,1,229.5
Gaia20bof,184.61816,-63.49726,7271,15.54,10,21.4,0.5,427.1
Gaia19cnm,227.93683,-57.0571,4548,18.13,10,47.2,1,471.6
Gaia18cbf,241.1619,-41.10483,2800,19.84,10,47.2,1,471.7
Gaia20bgu,205.559,-64.31565,81,16.38,9,19.8,1,178.6
Gaia19dak,302.36516,29.93588,2877,18.91,9,31.1,1,279.8